study_hours,attendance,previous_score,sleep_hours,extra_activities,final_score
4.370861069626263,59.25664644193098,55.70234102415436,8.036217965253389,1,63.95534855737203
9.556428757689245,77.0950473689179,54.81872794431999,8.780088383148234,0,87.03199113545065
7.587945476302646,93.64729179382041,94.3752748312622,5.502807392754994,1,98.62549147596926
6.387926357773329,86.61124432047805,54.972771990970365,7.749244597641994,0,70.8492442455839
2.4041677639819286,90.32805739307248,56.316983567717855,7.430475898862492,0,63.28143320282664
2.403950683025824,82.93916833553587,85.56389574507782,8.996982260729627,0,77.01082970396449
1.5227525095137953,84.61382822589263,66.9843905470324,9.436522362887564,1,62.719843245173806
8.795585311974417,92.45978257826596,86.60263341731087,4.072940628864321,0,95.11262236088209
6.41003510568888,62.483400442959294,43.92196945386311,8.044119514352756,1,68.36473327976361
7.372653200164409,74.47124818215703,69.25427162040306,4.311014794718374,0,70.26309538882126
1.185260448662222,61.06047209098011,42.016816010996955,7.2931519904641355,1,53.641441689762345
9.72918866945795,99.38340039983234,43.75919220732127,5.725796374262069,0,88.67432129609998
8.491983767203795,97.20296698433066,94.38624720066466,5.840659597132847,1,100.0
2.9110519961044856,51.9713405684253,48.354722267055706,6.11775102071414,1,53.22273272068969
2.636424704863906,85.27875862578442,71.94524093651303,7.72775469429766,1,78.81984087713802
2.650640588680904,96.26241587078329,64.66573615604239,6.004299794012615,1,77.10449248309702
3.7381801866358395,59.02876725636668,60.84059957553056,8.396194303541682,1,69.39071987094071
5.72280788469014,78.39726152763147,93.99000074123634,6.427164313443218,1,85.80128762684542
4.887505167779041,95.77441487940209,41.30940380652937,4.410119201859752,0,67.91678412011504
3.6210622617823773,51.69729892928994,79.82738117053535,8.702559054904643,1,79.3345707688326
6.506676052501415,84.871013362342,97.80366605281303,5.714549947556236,1,91.69147821560775
2.2554447458683766,64.86745036862754,73.61009100771051,6.596601277595576,1,78.05520436333312
3.629301836816963,96.21980976882652,96.20934772198551,8.112663299331409,0,87.77842780896323
4.297256589643226,98.55291225826838,43.13547275716142,5.994736942892272,0,68.86597303031385
5.104629857953324,97.2133244556717,65.12759914444968,4.3395139368802935,0,73.6757694936301
8.066583652537123,73.71071083287319,55.60946745772307,6.243526282076882,1,81.03839479327918
2.7970640394252375,93.10213254946567,83.84925789884379,9.666691496165821,0,75.65046382372529
5.628109945722504,92.22746992675351,98.8778254298348,7.850406383791349,0,93.1491015687309
6.331731119758382,65.95502366216279,55.39180374665487,8.028874892003241,1,69.52112829284798
1.4180537144799796,91.44577370753387,79.25047608844446,7.793692921825839,1,77.7553148132781
6.467903667112945,51.85038173577463,51.88585796558441,5.1939528337566205,0,68.47633483648445
2.5347171131856236,79.81349392410266,73.9198152742966,6.510003184613681,1,76.1111613389996
1.5854643368675156,61.50044186438515,67.83594920130017,8.505638790179908,1,53.24106663141357
9.539969835279999,56.02834428886394,98.32031977789222,4.608237385318954,1,100.0
9.690688297671034,53.84766008146046,76.51163636178799,5.667116656538274,1,87.8080921500782
8.275576133048151,84.81443879390699,60.97038232520913,5.657914650795122,0,79.26358924112787
3.741523922560336,66.9937481884033,46.845747093276,6.592113565567036,1,62.73480500481766
1.8790490260574548,86.23833857643808,49.07480972409607,9.88221244565311,0,66.84284032173534
7.158097238609412,53.26781703994712,53.519015797074104,4.405015280102932,0,62.13552248203859
4.961372443656412,65.76451689153052,55.05799968041788,7.11220596628357,0,68.29456455673129
2.0983441136030097,76.97456461876686,91.03696347046827,5.076188092073263,0,70.37910781463475
5.456592191001432,89.53615824194819,73.6733672969515,9.824059272458465,1,87.41424990960694
1.3094966900369656,65.9376251466035,71.40345468246198,4.679821028364785,1,57.8594953508485
9.18388361870904,81.29456882185045,46.88613231215305,6.421606014169548,1,75.16352700009953
3.3290198344001523,94.29888741180935,91.6083816009661,8.427309909007636,0,88.29022558171806
6.962700559185838,80.79315940911523,83.36885819250902,8.22732656816467,0,93.74107981212438
3.8053996848046987,61.64797373768169,44.0601017140001,6.536371821363593,0,59.91360757374589
5.680612190600297,51.220039077826904,82.47010583378612,6.07914500771631,1,80.61423440341405
5.920392514089517,93.50494369504649,72.61229304055877,6.385674271317224,0,86.05779032405617
2.6636900997297435,51.063470542519354,44.9035207448067,5.585657578951835,1,48.98637863721095
9.726261649881026,93.73508363420997,67.49803849171938,5.231997632240799,1,98.34484120711097
7.976195410250031,76.4468567013606,69.08177722780282,6.89823818535334,1,80.05512371109974
9.455490474077703,96.95338492564481,49.94647240979654,5.611202536405644,1,83.34452275589123
9.053446153848839,89.93916178868326,96.74188882001694,5.724769989383501,0,96.60499715311731
6.381099809299767,99.89670552666686,90.99852228883972,7.940536380847343,1,100.0
9.296868115208051,67.53559077258551,80.1413402397465,9.811223990199354,0,99.63859622929782
1.7964325184672756,88.35941444655634,67.73773366003644,7.62182320335625,1,74.86147634364265
2.763845761772307,70.0965456804621,64.70593249507051,4.4618768023897974,0,67.25533851712744
1.4070456001948426,73.99378101519544,79.05840802905725,4.453501683124402,0,60.32647292939272
3.927972976869379,81.37527316091851,72.72591216441432,9.708539325073396,1,83.59265033156441
4.498095607205338,93.68385570931693,43.73638635291314,5.783744741844002,1,69.14374304642654
3.442141285965063,99.20417345996475,70.75015892621991,4.552401916494853,1,81.45075286053942
8.458637582367365,88.41367069322591,88.38421703397037,7.594267522902289,0,98.06898089025046
4.210779940242304,70.8883391083667,67.55439265581748,7.741892669741596,1,72.60872317812591
3.5284105871864266,71.06785011385351,43.117394653256106,7.891028920712129,1,65.69363063089092
5.884264748424236,86.87911507944457,87.17669196304199,5.604412167145248,0,91.37466964099691
2.2683180247728636,61.938857288415115,52.08182692815846,4.09066410528685,1,51.01361221580277
8.219772826786357,55.52370565656973,55.51725009328233,9.790092216726832,0,77.9030901829713
1.6709557931179373,67.73110788203883,49.882381205937754,5.505358274146615,1,50.25098646935223
9.881982429404655,64.36194958270409,59.81290389228985,8.056157728315284,0,72.47362522494936
7.9502029236699165,64.81540602279951,85.4050903413181,8.239779219272258,0,90.81923370035388
2.7884411338075514,61.680387552495496,71.16315157023624,7.660044502476914,1,71.86929383025434
1.0496990541124216,52.104659481818096,52.29287644904275,5.877444365281889,0,49.82414617985626
8.339152856093508,50.89369673667069,92.66980468912246,5.626577522584395,1,78.04554716003548
7.361716094628554,99.38611948680158,92.77491129709175,7.586009696216219,1,100.0
7.561064512368886,71.38865668679311,92.23470550276042,9.196573801670148,0,83.69679464649857
7.941433120173512,69.21633235798409,54.32777268289236,9.680402373540375,1,89.68941723965419
1.6664018656068134,83.9823641346535,67.07436065085929,4.635434826422546,0,58.54653842660359
4.226191556898454,60.912694393253204,99.0993793684525,4.928971675586319,0,84.26261029673128
2.0428215357261674,97.49805919751127,86.32074857859942,9.668417552698479,0,89.1381563453401
8.767930832880342,89.3172507207776,41.63004527353359,8.419211370008755,0,77.87685111662056
6.609683141448022,54.47055011561297,43.91227547562952,9.297962948978638,0,62.018144316409
3.9780822236738427,70.87903878924642,67.83588260873996,5.215795804812059,0,69.90785614044121
1.5720251525742128,93.95591537810824,94.55321235169362,7.525515226656411,0,77.79078766590183
3.79884089544096,97.2366011145705,72.32210787716285,8.206837566504841,0,82.31902573210748
3.9266498982407234,73.37007556249348,69.86875048205741,8.080671312681837,1,73.44534157128135
7.566455605042576,80.67056946053539,46.32842199739783,6.4489101452001885,1,68.19947959771959
6.738017242196918,58.35169730460376,79.40680628345764,4.092369350147851,0,64.46849736095442
8.98491468318694,99.55843130684883,89.32618963601354,7.497556340825579,1,100.0
5.249934326457543,61.58358506917217,62.825200450453735,5.518609235077653,1,66.82508380126912
2.0763482134447155,97.13658870675629,86.53671105551965,6.701525476857342,1,79.27154480528424
7.419203085006955,82.48233244961843,97.8685992340487,9.745486090502904,1,100.0
7.847065437552077,80.38683974394296,52.22598754766135,6.3942119058546085,1,86.00617249684781
6.051494778125466,75.63442555082543,71.39977787168448,9.03880963998656,1,83.60021400146861
7.938704619591049,61.53349058588793,57.22827748507453,5.131243634495506,0,71.16134394576329
5.444160367279517,58.82640160027542,87.57126514203037,8.034762988150174,1,85.561767286528
5.704595464437946,61.02431045350877,74.65560195286946,9.862041726633661,1,75.29170505196687
4.847869165226946,59.32191310721272,78.07494505301823,4.611358605237621,1,73.60296263064686
1.2287721406968566,88.97922367833766,87.87484957695364,4.049919653363152,1,76.36433269552882
1.97102284293974,67.5062629583365,63.75822835974729,6.6014967557956865,0,64.97163493600077
1.2828626711806081,52.89213382816982,94.90540410442259,4.555752898308203,0,54.82825563871178
6.727693701374023,98.45513150704056,71.9817320347684,8.490306098057388,0,87.44099616818298
3.82920382968694,94.18929424817128,49.47728937012088,9.487291983091353,0,69.37493722208025
5.577136220482325,96.38761415976064,81.75394709012815,6.604125836252553,1,90.75489527185131
9.168098265334837,99.74539113232177,87.59568102629527,5.552269852932646,0,100.0
3.2436300623398746,58.69476246097437,59.0057006240516,6.606419914039659,0,68.33478108322197
4.693446307320667,69.81210094513294,91.43075541992518,8.340686907100006,0,81.63247433228159
7.799960246887438,87.91192378520456,94.36859528594599,4.054324969482225,0,91.11452095327935
3.059183489424602,84.8010309026896,56.614269242668534,7.536723936908183,1,76.31701343590412
1.6928191884591368,57.69479531699275,99.01128836291332,7.679750109324274,0,74.9939213622785
3.6077630762239123,90.79165624953089,48.442691682925506,7.826129481375613,1,77.5153145547045
2.4509915852860398,61.22202859183304,52.1209401041494,5.452132479885263,0,56.189798109944874
9.367278871083158,61.19088074113115,51.053490354281564,8.28431634026876,1,75.52138839413823
8.273083416079754,76.84872114467068,93.63938260047223,4.548348917990658,1,87.48650123492631
6.700633808593811,79.64699674208515,79.2575531394977,5.195622018800805,0,75.73489348711263
8.84314531168946,79.00431039189056,49.12625699333637,9.26482027992689,0,87.08872144365279
8.23304869209203,54.574341869887746,66.41940510210094,8.432338904359398,0,86.23070315005693
2.6791305299743224,93.87304313151901,76.91788150418813,4.082473324068071,0,82.33697782408794
9.0330309864098,63.2800021294353,45.007845099362996,5.490257562218801,1,78.53714464274958
5.854080177240856,56.47574606414021,92.94498210444033,5.286438897958988,1,87.42680842735417
8.266961396476564,94.43740399344887,88.21621212649211,5.6248379682218355,0,93.95576552712552
9.06482169931144,97.78257491148767,70.31240641459829,5.485358621679318,0,87.10015898601962
3.8620312747467747,93.10638086327253,98.02759691555022,4.375157774457074,1,91.54218017321554
1.9904673207490908,90.4758037362439,65.06565875650598,6.753643099580922,0,71.35927499629123
3.051416462877475,82.7620990319511,99.04661914218987,8.39640084871699,1,88.73334989987364
4.843970097636307,77.54286853045696,80.07519992821761,7.640390348304619,0,83.22229374895493
8.362132893302437,54.34933799557051,78.0802763952365,8.037230011588479,1,88.29508306634682
8.74657524930709,70.42266065353493,49.9572937177471,4.486895071217435,1,82.49886833717456
1.0625691747807164,68.6344258506157,92.91566549827864,9.708944261060722,1,83.98264579451417
5.596725723198092,62.98768918801631,65.6493812752369,9.03095100305815,1,80.21376470238289
4.7566990283390105,86.17100568442925,49.734004346948765,8.830541910973977,1,79.48982775840092
2.9989702942365724,74.79378675393855,40.75645119854554,8.937902830250605,0,63.71479439580928
2.0787883060031453,54.0523107953824,73.58534101830296,9.596263048796569,1,65.9747404769671
4.038536542632651,61.009160097490565,71.64397732736057,7.265523796682186,0,73.75705765767833
9.486187335212673,84.16293818297979,83.16121734214951,5.201692107205755,1,89.80199321390408
3.908826388186797,53.80654297451501,93.41548318106813,7.700701647115247,1,84.05514556149444
5.669115595690295,92.56034570243844,44.76439507858177,8.457288962007635,0,69.3945272734164
7.3271706300566,74.75732635069872,83.88978942042175,8.427504360124153,0,92.034898537708
4.272666421413646,74.0293288663324,51.244716645854936,7.128694145001281,0,61.99195600785376
9.746038744488645,79.62038923297588,91.49062318942984,4.410752316001468,0,99.10355566850498
9.662025654479,91.23404829625746,89.14381083169937,6.226677630580767,1,100.0
3.2660406624282774,67.39046039510966,72.44762529913265,9.524599650780143,0,65.30742991082435
5.475236553031469,83.90080762795318,82.61456791739869,7.506693458544556,1,90.00531745734905
3.707904788350927,78.28659819978955,58.861006791024906,7.229991659534281,0,66.10948014653748
3.5635644493972087,63.35141350847107,68.27007393596888,5.613121086293161,0,69.82956220862708
1.3319825261907952,93.9314993177579,89.2982138626283,6.210693519499474,1,79.21735164187233
6.486079005819072,89.8713010803464,67.55591183039283,9.372076534919016,1,91.47721180303698
5.524111209059753,82.92259173292128,61.46789591952651,7.9987782851610145,0,73.24659216753172
1.463308761249904,92.52908645471209,69.652746835018,8.724322160513998,1,72.14957303780471
3.507818178129503,93.36471004799012,89.6949551462331,6.726072538405931,1,84.20676523438225
9.174392973699883,85.41814883575174,60.11248284225236,7.7814833167369475,1,95.14935408504431
3.1560570160027517,91.85066641818361,50.42569558814463,5.490301652459245,1,75.8159871264375
2.304053848821008,84.87357308346418,82.72084121984685,8.232764981700917,1,75.78585867327803
5.405074842498067,84.00703858801502,89.55869276248491,6.565608002220024,1,94.4734659355111
9.870854086995406,80.93056891075922,46.038248711412,6.655273088888474,1,73.44155496348297
3.178497443603504,87.63583197788206,54.39244676535668,7.89593394746129,1,65.45617454604829
7.049219926652907,57.93025526465368,48.51831938565964,9.61768372881356,0,67.56669742590515
7.854576537958458,94.04353795994642,60.87648469493,4.3840380796517255,1,77.94089855210527
3.1387378959315972,93.5921763872616,67.02105873432475,8.948459424082046,0,69.80703728488835
7.553947137506736,51.462364151727954,84.92958021779839,5.7542986624731585,1,84.76882529955668
4.3100481944732785,91.29083752823814,79.06885509290045,6.663516727038267,1,82.86987448096954
6.690752475342215,56.44349337367226,77.25571404870587,4.1314799726500535,1,78.0018380046113
6.7017673968480524,66.7559427129571,61.142496796579266,5.806276467005878,1,78.75086185417938
5.821972156672826,87.1754128145804,90.4868531850856,7.015787455780783,0,91.66504773796068
1.8126079304896747,58.03799480241541,68.27723004388987,4.337056464084634,0,59.95451482662842
8.51772246030314,90.8983512059531,98.74629628090926,6.946574376298991,1,100.0
3.8870205847456223,91.6067088978871,78.04852829774421,9.562663773150565,0,78.7715144608978
2.678666593598688,75.37338668804182,47.57588449387016,4.632359308646832,1,63.91597945183091
1.3669762739928752,50.31929358584168,80.57065372452604,8.586644368453026,1,63.35938427631544
6.318036488694176,64.35190665874563,59.506240925901935,6.458026320255955,0,67.07123582063879
7.098079256580542,80.84634591878711,81.17963180116584,7.931042287146028,0,89.02696831754116
1.1492904603507053,99.05930890137117,44.178468889744344,5.561419587911376,1,56.61512639274571
5.608837524693529,81.59067635083342,50.49288623055756,4.95695357524815,1,68.8491484244787
3.0384619767814414,62.99017905320799,91.34423553434718,4.962775685627358,0,73.71456699630396
6.806555113685048,81.70028515498056,53.63077342141089,4.422951673858868,1,76.7581964631326
2.569297861044923,76.99926898579278,90.22246751457641,5.113880229407458,0,70.07833129668622
7.218439642922194,88.99226975755718,56.75656530726462,7.985316309933809,1,82.59507357909658
4.480618116704837,55.34903194134792,78.57291460352246,9.290143671061049,1,82.78261030437066
9.43056989863061,88.05139512510141,81.64903441058986,8.884754113546972,0,100.0
2.2376884973139393,77.06332893380551,70.75928518870317,8.110805859246906,0,80.67731223317782
4.069597159452327,98.14960019294973,58.31864060180388,4.662591180466616,0,77.87565541637103
2.021261691165302,67.0936083019343,52.75866258226577,5.7351246777756995,1,63.61948495644575
9.322242564507064,81.6310946566974,41.991361273745575,5.858841251934814,1,73.10151972565185
8.896054180428829,96.60140527550087,58.23678407444343,5.499741678385727,1,93.03221202945983
3.3214746494364005,55.12548639953396,79.18976743187699,7.0900339582583385,1,70.54749376982315
6.939856414307611,96.86142436182256,96.29828910690895,7.213322889278036,0,96.46238751045898
8.354999801810942,84.39428611504067,92.27226893578313,6.141315851026661,1,99.3442432934609
5.996807304395161,53.39185295525859,85.96388659211816,6.122734952418616,1,84.30369253829565
5.766855205204059,65.04817834734081,87.30684059519791,8.971333587436488,1,89.69891369406936
3.1766706181040654,85.40860443226407,79.89909420855972,8.735757089918113,0,75.82349749558217
1.837924910253093,53.36753007343859,55.61721145396018,5.846774990084474,1,58.253375387464736
9.074941821579941,79.10852300881366,94.43170184234978,9.482730663239556,1,100.0
9.103762514469974,67.29415284764784,80.24393871435004,9.716890102015036,0,95.25585963128827
6.697913115459412,81.04577588837385,73.62643785882639,5.960455252180245,1,83.28197979730564
4.051268119438307,52.28710169062564,46.65936815280887,6.12654969275833,1,56.59917540708552
4.142886171513948,93.57684030761882,66.82333262838553,7.033804920531753,0,81.61296591418188
7.533601109832154,98.67444845886985,67.62149627211558,9.646724875202041,1,90.5208550897272
9.073992339573193,98.44389276428458,91.87381657136021,9.25791659885387,1,100.0
8.983777818386056,87.48259158714623,72.79889321126731,4.615407775501539,1,82.1333495325888
8.018879912718614,56.5043120065316,62.824032938224576,6.356384459628497,0,72.6837847885736
6.77828481538859,87.91315979645113,98.60801971063955,7.320227138498631,1,100.0
1.7572596849554394,51.229345822940076,46.643235599578944,7.01879483530924,1,54.747640126720334
2.454658426851524,51.106177576449866,65.35290569871668,5.163178407621356,0,56.07937984154971
9.086987696743714,66.18051095747705,42.52148051028432,9.152900627008929,0,77.56610600709368
6.457861536936309,74.43215952023328,84.39424724601582,8.061644697981023,1,91.60614883889487
1.0827734645496667,88.52037089038966,95.08459313194903,9.02745024911082,1,82.22409689992334
1.913243885794289,84.16476883032526,56.80223977302937,9.152585676096834,1,76.40484301951199
6.971515921972502,72.29513531883742,91.50050060794726,8.490135121994438,1,98.13523685889729
1.0455542546159682,63.68133331408329,57.53309382771387,6.635263607498304,0,59.57131745543408
2.4472724627574878,99.85622500788556,94.64620969863492,7.663280530092547,1,83.82130594837884
5.938604104299275,71.30906511179865,85.23771421580705,4.962192436718459,0,80.34996406580942
7.227056779234239,72.56935121648377,88.29440661048632,8.041872504849447,0,89.33021736051302
6.867651335523405,58.181191059583455,41.08039333602727,5.075519534435685,1,59.07474108206236
3.018423785145038,89.74047743749647,97.76862142444156,8.163697543060941,1,91.13123039078091
7.409612992127823,84.68411128907442,83.6002595242194,5.377588964523812,0,86.4523308306802
3.135241787471201,61.03848063943802,58.285065723168,4.70530780090132,0,61.36627669411538
3.9285972834334095,54.11905228079213,89.76367989153081,4.991706940857744,1,68.06358208796516
7.718422646062217,84.02496510373565,56.891271904895795,4.011952811314422,0,85.73239851244641
6.846696091424932,82.72556071405677,92.36523037396768,8.31243770712118,1,92.29084190580036
8.6430106944476,63.662976349910466,46.75482342471622,8.394406294350276,1,79.41797548573001
6.91851603070309,97.54317811252051,82.22115864764774,7.089600099479557,0,97.50066168608419
6.114777430019244,57.55289458904501,72.44190859869462,4.968176806332302,0,69.18602716474697
1.8430729104528323,71.6167400521301,45.792068211726445,4.501326025064138,1,58.34540028644906
4.309442227534902,97.18079600837994,54.51362969553034,4.114773798623722,0,63.914260072264334
3.386821309135529,70.98636584630611,40.744242176638885,4.994489061791324,1,64.50639264055376
3.195906790411752,81.92629738320429,68.12607792787034,9.34513320989888,1,77.50448689702178
9.75709499277201,69.87971989813971,58.07591564560002,5.449221050210091,1,80.6573417414687
4.537879522000844,63.7107601174335,75.90144905786553,6.125627963303294,0,70.77997930719657
9.02841899659402,99.19888239799141,57.83426846251703,4.632072906887999,1,92.97133480148189
6.680247633975366,70.46670031575215,57.99514669041908,5.334167828489022,1,71.45778695630072
8.153301731874835,94.70496018395673,84.5915919238962,7.1153474246812305,1,95.63426271027797
5.523733837946729,61.49773029455431,42.88857015870121,7.646516098573915,1,64.53803982562914
6.192134961637232,60.655235201254165,94.17369971151923,5.472113884997267,1,78.7658155935417
5.432659244369775,51.55670414422557,91.13583246347089,4.346392955350703,1,85.8416309345005
2.7571868901824006,82.58334126879424,80.06828099358438,6.346197214764392,1,73.7611983146922
7.502069037353548,68.42631718618806,75.59329420644306,5.405220225558005,1,87.53733421973332
3.526951261967702,93.21791249198185,93.53814988837914,5.317323539378812,1,86.9848232161564
1.2188436978830846,73.66049533457786,51.11981077172287,9.759176816280732,1,57.918698974723014
6.80925066316451,98.40967139573608,44.73814973144972,7.697802915554345,1,81.36284412806211
2.5939961146634403,59.27627578515606,54.370610194572286,7.341270659032576,0,62.24503504246866
9.464127259176228,93.43115839778054,87.67469672201142,6.4946506211399315,1,100.0
9.585357193023286,88.82984263958708,42.080216003589,6.573666000580865,1,90.06317450250802
9.233779511984036,88.5460922322026,74.96841010500938,7.245430023028485,1,100.0
4.331428302298999,92.23916140584438,99.7262509714786,8.178578842216643,0,97.41897625385838
1.1391095487598069,88.05119954714993,91.34176563025237,8.212876577090977,1,78.39042576679684
9.354867063289529,81.31101608157077,71.28674134261537,5.030163446232697,0,83.11863548182757
4.8536573348558285,56.56224388411938,43.81845455719854,7.000676512459762,1,58.49010373455839
9.699893371393026,51.6263089745626,89.88241086314258,6.471748570204612,1,93.22936471044542
9.672579793803276,96.04239239078434,75.93871049063263,9.223161797616305,0,100.0
8.677085099206241,80.8325157260369,46.89597982357401,7.788513527310259,1,71.86431521202255
3.6500400286262713,89.82686454880881,45.63143708940137,7.195024398495891,0,66.9027248759671
4.465879557417328,74.0761175756275,94.57760916619554,4.692367853073504,0,81.28051551764462
8.660230043651712,55.86540944811972,80.15201577628471,7.6338273359404685,1,86.86413899823789
3.852298046406499,56.259289610127524,89.75720795900534,4.7032234340814005,1,79.84876855206139
2.5254347201748324,84.27826436144858,92.73873401693604,6.023239453394512,1,83.0990366270796
6.0112113621251515,71.51529474497313,74.30634112289934,4.857051788885991,1,85.0472961827606
9.425392967447028,60.02623633501683,71.04678110530247,8.152441882146213,0,85.85162246643529
7.264268170074757,74.57972733707184,65.8256446192594,5.237512683016916,0,83.0406370461096
6.1305505308042845,53.21044685375671,59.01679526746716,6.351156239128156,1,77.66357008685655
1.8745884439369167,79.09857009571994,66.07575765152271,9.374048665712671,0,76.40317966606813
6.535065040292528,63.449670221754886,86.43277934380939,5.225898300393822,0,75.59134740837487
9.91048465093837,89.87795503185941,76.11540586090788,7.046830383752675,1,98.44286799465321
2.260756137128716,65.51809794617868,93.55139739729077,6.515629966996132,0,71.90587817740128
5.664966871273631,72.76100745409006,66.60280086275127,4.108744246274378,0,74.07371223994161
8.8963576473516,50.58102699540503,76.42537472312524,8.756548681436877,1,91.0001217271544
7.66691755978784,53.62234438972794,77.87845318551932,4.414275437887598,0,72.66578705719233
7.273141668957412,69.62467782033424,75.50182973837954,6.845530125861721,1,85.51504800670159
7.322356755883983,73.99694173585618,82.15802638513098,7.3640697696337,0,77.97583133613105
4.2354203609777965,80.00102740596519,54.246008102488375,7.770558739687522,1,79.27053568425903
3.64232659838044,64.58312893546517,70.74182665274743,8.131789775847253,0,68.23446259726727
8.284250399306622,84.74909430632712,46.25348816850086,5.519634301136291,0,77.33764590814526
8.291020552112627,93.00611985946023,63.07067965868875,4.059872659950696,1,84.54472989763718
8.803650867220934,88.99254944466749,69.26002411727586,8.340661974129471,1,100.0
9.219164973008242,51.980941267417855,79.13345557272835,7.2139395960854715,1,73.53853671548273
5.60208158974844,74.02534736289145,97.0318631551722,9.016706219243492,1,93.26860185741732
5.513646652184796,55.246508920908745,76.03906399290136,8.928330177404167,0,76.39391970860531
8.184656610700976,62.10225079312637,84.61563497059359,9.059957006727299,0,88.35265263041082
6.849675376999887,99.33312966335733,70.37596356971217,6.910567959877241,0,97.49633512588574
7.31770189531933,57.12477714507566,78.04624188257988,6.001770375021194,1,76.87504385076558
8.16213402492491,74.9444076725678,44.25593296802641,8.74934921554822,0,81.65510227325628
9.010048076358096,80.90778671590596,55.26349485051082,6.707764678175529,0,85.25078914484412
4.041956411663822,85.12324852720519,61.711185592308325,5.1006531784206075,1,78.30589406038484
4.380246573759496,77.98243417434571,68.34960130039082,9.129844117368846,1,76.23413124590428
1.845837458567821,50.48854237095918,42.738924730143026,9.295359260634083,0,48.057839374380755
6.204521268965566,66.3230654121996,48.401445853199064,6.797858536841021,1,75.54819911448473
1.3234804641706788,75.88558216923558,56.60885846747834,4.454198363858724,0,58.18756351771268
5.190382163192141,54.39332495724167,98.29196145406304,6.326956539501587,0,72.97167663424273
5.883801712368189,67.53134656045904,59.88082042618305,8.82122595677562,1,74.39845113856259
3.5788712691545594,51.66015543956833,68.92246348672495,9.410644171277372,0,69.85152536018053
6.317499345121097,53.928924857751035,51.76586276430358,5.220836454985575,1,69.85759638862133
1.2745022494514449,69.8461638100798,76.64680426454609,4.40184167215163,1,60.64268683945938
1.3361336987429298,56.63578770215302,56.84099293095846,9.264102718797032,0,43.06040870836892
8.403405045936925,78.3770424130779,52.419554706305604,6.3364296338732515,0,81.81191012375143
4.241715772701366,84.47324845686329,70.99435770675875,7.25056578560538,0,71.23911016655478
2.143544613866963,90.02933495545415,40.33034794962525,9.808394872304554,1,56.197471825932006
5.700189340493239,60.007512212240506,40.45984195895352,4.399388367485337,0,43.724211395040584
7.9299419778874976,58.37412911295349,53.14412854611147,7.889908044712573,1,80.4644824540507
2.9423892474715885,55.228392016720015,42.20328175004927,4.444632535449203,1,51.58703410264911
6.606014282371002,81.82151247718184,46.48154524784148,6.2528135707990025,0,71.2080531420414
1.768127184943912,85.32378632434506,60.331638960325094,8.822887271160681,1,77.21362575782013
1.4651354905174694,51.5793072412821,88.15514077478878,6.600833396533806,0,68.21912846376863
5.782191684113332,96.81061231218449,74.32291860215804,9.983094123417702,0,99.1750675855947
5.865716094490959,52.59856418257362,70.76006355738498,7.354355709679613,0,65.7485991648834
6.736869113483859,77.06481676505352,57.6093293924873,5.926972915815721,0,75.09149038091631
7.534822003503954,85.45302597254582,95.90522316596898,5.320667955428519,0,86.4998981270659
9.782668715162812,93.54845618730428,63.8209024742315,6.103123205716971,0,90.94867714067044
5.646703134710758,85.70434660662139,45.22556600774629,6.235199642557305,0,68.85135998421978
3.9066082564712135,90.08640415348958,77.02399096706807,4.412282066343765,1,81.30683368811876
8.156675752918332,66.97250962714031,46.83030360859608,6.217445196560639,0,72.84788879088597
3.437490261358668,90.7412556873256,60.71338856810152,6.7854311184353495,1,77.1153852865669
4.950742786350725,54.00574231923376,70.44471632306853,8.336426513432828,1,77.25367801989343
1.7061074320803935,94.74083280302638,92.45335148111054,7.940376908329648,1,95.20712147900349
1.2281566907391177,77.37961880768681,69.61279482040712,8.252593931374925,0,65.54588126331801
9.663835732101326,90.86488849812469,82.13552596189986,4.050182091261142,1,92.47534376406114
8.523821084609853,72.615914225915,99.56901033994421,5.306004397483216,1,98.37326633038862
7.263767854843282,82.17888475982625,47.8893471938789,7.970105730399139,0,73.54446632993027
4.680576499728429,76.32013304680567,56.48389153117117,6.903936209078482,0,77.29703418149586
2.559648880637612,86.5794760877666,63.674564535858785,4.031880854010076,1,65.75434636887528
2.4079333840397745,54.08149910152948,65.30969071232988,8.826967854590933,0,59.98469611002657
3.252186083481358,53.01760419952819,64.66126451593274,8.636857439742023,0,62.12505287053308
5.943039982355084,62.355161700507324,94.4566601533933,7.290514977961376,0,88.84619210287505
7.431363304300561,57.97723400565942,82.84195866801139,4.398779954657632,0,78.63347859763309
6.941776390459581,93.58917832961009,76.47431284544223,8.599090297195508,1,91.18210915358002
3.5194050725134858,60.960699367902215,58.562363071766924,7.502281526388184,0,71.85155213431783
9.593787525968747,98.79326279095656,89.42742305327768,8.691759862947755,0,100.0
7.641072250261916,66.84478958855534,97.30363068909934,8.510481954375042,0,94.84165920471962
5.989186472602606,59.10589578443496,89.2718969530136,8.818012431747022,1,89.89663634001542
6.5054867161091705,89.48492535712396,40.093906311488375,7.108048398427749,1,66.9048973256163
4.776400561850109,82.9353887750438,78.18408221100442,4.84194710916109,0,80.1476743732365
3.229578905510417,74.90978582265694,43.06812288652604,8.026944840278132,0,56.1538005009537
4.2037541078613545,77.76817754688156,55.456433220023314,7.722842710311824,1,75.8224668452956
7.820614994179322,85.96008891361319,43.5714820208663,8.453519123194523,0,74.54548809016535
1.1295413976678028,61.422737066564935,76.22772717696327,5.019286036304412,0,63.29931039745912
2.0446537645622462,99.8166958028371,81.1953948095564,5.1698511994017355,1,83.8410700889366
1.4140237781957747,98.73965810733915,46.86925828395431,9.34245710331597,0,70.93254036350878
1.3665592208707311,82.51628431734684,63.030332982698766,8.499866790712424,0,68.0730795781549
8.699145256099065,59.97712254645725,67.37419053733252,9.449370932201937,1,86.0578004308218
7.332920734420213,84.01141212156458,62.14318130565499,8.552291926983525,1,84.00579837079307
5.267564461785927,53.60992044895879,47.26150002911158,7.582931835941811,0,69.51984073968829
1.8805074458590134,51.532625110290304,65.13686741124852,7.924796422167242,1,57.54577536757619
5.4245428760514915,62.884144425560685,85.07068286850509,9.334767543640059,0,77.98396605083482
5.261245937025091,73.13114783696582,44.26045987199533,7.472840527071643,0,69.96337157673477
2.5588168291901368,93.41362527041903,44.810800844914205,7.794347945970324,0,61.33569630968481
4.904664843141758,86.3584534883154,61.28627751015905,4.938860296021604,1,69.79401453668528
4.586542609576361,87.13532605999904,96.5035426971355,6.843527320696616,1,83.5489123957791
6.542650882469948,71.27466672240377,80.11435880337484,8.298382671748595,0,83.08912099580121
6.715842857808794,67.29674962734815,80.7201974003539,5.6256561898981925,0,80.64954158713722
1.4077360879484007,68.55193814923014,61.715199450271896,5.21352508314721,1,60.51061575174731
4.371513531638241,99.3824781868029,75.6196474725123,5.882960849346493,1,88.75811553547767
6.632739241428127,52.005459570624126,40.6078710416646,5.4490037679570005,1,64.55099928240193
5.528226327220789,93.35157480612243,78.16576278457254,5.289475822218375,0,82.83630917288978
8.7084085706949,78.93377042861967,94.7972168545742,6.549105057208521,1,98.55692278641446
6.928242684570505,71.93077095947953,76.75440810068915,9.447031083301205,1,91.78705655135877
2.466409843732867,86.26288302075682,92.42191560798071,7.042357880432309,0,87.17324831590923
1.6351187266038685,74.33344707123514,83.43838332796562,5.127522284891938,0,68.90359805712231
6.78177350385684,93.67116190408302,47.23350498422141,4.461830016285244,0,71.68716182985982
1.2386017948745964,95.03509320056293,94.14719843715051,8.176936870827552,1,79.18628802046648
6.2719802314611695,71.08604634367276,43.986630661346496,6.296792586618327,0,59.95556941989028
9.462072172824618,63.841389861752575,72.03804835286583,8.930985679512155,0,93.0816796976318
6.179267600882911,79.61751642966811,48.52822742760746,7.957064611844621,0,76.65983823855687
4.493529335858697,95.61816728083454,40.70239664385424,8.777448703248211,0,74.49998752977378
6.789593965981179,60.53310945028333,65.32205560765834,5.6316762365106925,1,74.46175409909763
5.12427601442365,81.14832917817414,57.702442459249376,8.154153534766348,0,82.06420781203123
5.910551103843415,81.57801100462603,69.16002962785618,5.584371908162312,1,77.82503385337992
9.473183278988726,86.65565112076405,74.63199320407304,9.63441087670175,1,100.0
4.474923740206968,56.57838425636299,42.624344338536844,7.818245689200246,1,60.98167829179719
9.650715074415228,85.79124823410443,47.38019770742474,5.947070801052052,0,79.5204511546283
9.148155777604574,95.45162603328205,73.51854378702552,5.617071173753636,1,98.87563095482781
2.762120213103668,58.984155443512094,60.59004119035949,5.145559510429861,0,59.984143607573195
1.624251707876489,61.87716624619388,83.75040925296688,8.167845753362368,0,70.97270112505257
1.9070020123968399,98.56975470208198,79.13749891551637,5.312293677987563,0,75.321764641284
1.1639964308639477,59.04884763547449,90.73626177939441,7.571819595564934,1,70.6694122797552
1.8499866468033557,92.71925466847895,81.54956960015352,5.587810161552144,0,86.30913938769557
7.147060960747211,74.61389282240174,65.79586464340889,7.971813668763211,0,88.02270031545137
1.6406978361420608,62.36155372015885,80.37799734366595,8.889638371243235,0,72.73035059373262
3.8707806726438516,93.53749506362557,56.52287045532511,8.668151458867918,1,77.84396169846808
8.60387779872509,72.26526275013327,58.37880992669276,8.56510798558469,1,90.72618417325273
1.209447421622433,75.74086769648451,87.3391095952476,5.126334434153512,1,73.56572194509924
8.330216343300421,67.96166846998828,66.78517098409493,4.530309681907112,0,79.01970625126657
3.5366929729605996,79.64754257174637,87.90282043110115,8.193692970924314,1,82.43818769290307
2.0634834485949063,58.17619362925114,89.3453424200967,6.210083282766108,0,68.29198363843446
7.270634488277356,69.55407683258804,91.45374025967703,6.594077358420083,0,73.29860997671913
6.660485621018956,98.47061611676438,94.99811415047245,4.186894556760347,1,96.85523338990389
8.897248121743477,62.90667163505638,65.85911323079777,5.557458695650295,0,77.8011987909901
7.615639394234972,82.8368332270646,59.13200909926833,4.202058423246784,1,87.61720941681622
8.231328373463636,66.25950321123474,74.93192479564684,9.275114635607487,0,88.55399830949007
3.538311153141758,88.67365628433004,62.270345406257654,5.460380099311183,1,66.3709215585193
2.5969558940175053,56.54368303591749,76.06445000801398,7.344023017438048,0,65.94638635154983
7.755532764767725,98.49105225392724,82.33515175862948,4.2338759239667825,0,86.86818313457078
8.261512653405376,72.68947706918196,81.30430110952821,8.001084347833949,0,93.48176512509525
9.91454627800606,61.8025231673232,62.47317322120728,5.938164074524563,0,83.63564800618234
4.713559092202838,53.67483736650063,50.01161210192517,9.387515121745995,0,69.1182441654891
4.348162772135049,58.48789525437704,65.83176030773245,9.328709133604214,1,68.96221575774473
7.987716646677971,75.98869742780089,48.55564864491453,5.951743710170486,0,75.27967467273646
4.06723186227716,66.85015882156432,93.4058221110285,9.405765374142806,1,78.9026111617932
9.376815930432082,91.44416829413046,60.75264764427145,9.976946040992672,1,100.0
8.725714766587107,71.5443761830903,49.267584833399425,8.952493984743688,1,85.3705879673643
4.860946246375165,62.435713629381496,41.526865594345054,9.069228086531375,0,66.00716630061288
7.757839610123476,80.8572493302015,78.74934317718905,5.494052416654539,0,87.27960468207301
7.7908858667621415,85.33886084427229,78.21413904728459,7.460214393146538,0,93.5241575161457
1.9281148195233935,58.35209539504749,60.4362499948775,4.403535483804207,1,64.09147184228472
9.1229761601161,58.380960814415886,44.30271333085906,4.569507620930018,0,68.03309220320165
5.547271352030714,51.83357134667715,64.57773369371392,9.993355672199744,0,73.7062383644309
8.438117194969674,86.82010075328202,58.67304970380361,5.959835496555465,1,80.33872344134123
3.880446409275506,83.19022638109026,80.62723838410056,8.489103472293078,1,79.24165289624176
9.059709056465804,73.7315437874907,76.34675496716142,8.839990318160899,1,95.58634423521707
4.502815108607468,92.20852244845986,61.8756236918524,9.148139626043374,1,87.16312870967592
1.0975388633226852,90.28350764750266,53.0735532552994,9.98576978441294,1,67.30434074170016
9.148437787773373,79.2677182198376,99.28215796933551,5.448978911541207,1,99.93237773775681
1.821580091075202,93.41356402566294,67.2400972717669,4.242104961158198,0,64.71357960884667
3.873822738313734,60.292060501838414,81.29645414681423,6.467149107967516,1,71.25460833194808
9.550557703457244,55.5959809698864,48.43317805470164,4.780484018973682,0,73.34932193022293
9.555464322438006,63.48748057584948,69.13538197956387,4.1345553349723305,0,74.0823347084597
6.160940993109575,52.854342804465745,41.65220319216793,6.162560962848916,0,66.64854642514263
6.686534909528193,76.5584764000516,70.327307074627,8.702429506451418,1,82.8846032474807
5.036009697804878,96.83028461474808,97.84104442706214,7.397084147350425,0,97.99867589688027
3.638896945282581,51.967177033425486,63.05240277914801,5.876667935262124,1,56.1928139734584
3.957980908329244,56.105495700501336,42.3397607544947,7.926052032956318,1,62.87477443910157
7.052666104693346,72.60995141417176,41.857347455160614,5.3921090818528645,0,71.1318093822476
7.77137076493912,96.69375087639524,63.27920559681217,4.08628867643251,1,87.68436317113905
8.124211393532637,65.80780524883752,49.60149618779164,8.586120318618564,0,71.86261209929471
8.106563285150985,75.36174043441963,41.40112577969116,7.742458509184054,0,76.35009100942177
1.8208549274382133,52.0786429525196,85.37281683701062,8.57381574700576,1,64.18072709971146
5.449782742323233,57.41716004810444,67.51138053291345,4.233628100125994,0,65.6656743292745
1.5180288401497986,99.33150614794235,57.35468631835927,9.022717766983913,0,75.9765550474283
5.94575994091362,98.25593482180227,94.00499098098885,7.7171572002178195,0,100.0
4.973774512360393,50.24699904672048,46.96833761203153,7.380372104275841,1,61.92923116502586
8.989337644824698,97.59058927116195,97.35512973731915,7.747684288687189,0,100.0
4.158235112968708,81.95599689077503,58.83800304264117,9.186599481210184,1,79.60454340588134
2.053603147848453,93.39591472600111,93.30422033852088,7.521619039353443,1,84.88060674427433
2.2869251384755227,72.73699278169295,76.1765725887677,7.485702279329076,0,58.77947771328304
7.85359568545725,75.77980142896251,89.60244158448924,9.944074942394595,0,100.0
6.56396256984635,74.44232901284602,99.04078979262786,8.540381002411408,1,96.33030966471264
1.9101040851051123,83.34321287730522,57.30432626912474,6.6537628327068115,1,71.64790711513237
1.756961255034977,56.98256273781564,97.66812912445558,8.244382000197566,0,68.32312464231418
7.30872218313208,51.4986794936339,63.36891369414522,6.335382830150731,0,56.3428910543906
1.6548670572777417,65.39649707955954,63.130714284215344,5.373252774900994,1,61.291134463464644
8.396740533613206,85.23403813683234,60.42322625527034,7.581111261326557,1,89.75920881939714
7.3561800444084655,60.09267260614742,72.48445644085511,9.56909258868371,1,76.99040523640498
1.7321390257770979,83.67162166624587,49.24870259070923,9.574837120092777,1,61.46714256429489
1.7635394267667273,98.49560230536352,73.22268912148067,6.051431668632942,1,88.98161084205043
9.87975620651058,54.69503578947092,72.50228874460024,7.16606479733017,0,84.26973897943934
4.368437161805083,83.63010591125632,85.7141087562922,5.269815391419167,1,86.03950473031884
4.335779323602019,72.18751096522855,90.01899771625514,9.973786656993301,1,84.3785711955247
8.315196105317522,93.40711271887527,66.42648101874545,9.886707447207614,0,83.91686121565897
9.525237196454729,58.857489472369295,58.13999496108963,7.897053578244684,0,80.48324554889832
9.874009574405838,84.63129761130823,55.56009383902567,8.82648435806484,1,91.14715927788698
7.780403667330475,91.90576448240552,51.677430202292314,8.2906009677022,1,84.02042268584145
4.386336269778242,97.23071097370116,43.458854931941495,7.558949314236809,0,70.47698386804493
1.7515064502880189,84.16240141448229,60.546878730082796,4.320087981933386,1,64.52346459837013
7.994322243346931,74.85873820042136,56.21486152784699,6.728586055315967,1,80.26882712801091
6.025638247622245,80.8923620100607,97.98504315198444,8.048717813004464,0,87.2916864864486
4.817998083222786,93.44524922393592,73.46252957500263,8.065189683302108,1,88.40128932961305
9.157189465852625,78.53048733194149,60.83662234183045,6.238735710534302,0,74.97660832306184
2.000777340755362,51.519352984841845,74.82805605962176,9.650151919948183,0,55.61280093506861
5.433625938617732,96.54743477534889,48.351802080741734,5.004142193420686,0,75.80794484439343
1.1021828029067717,84.47633755157806,66.64262495213217,7.002156677293364,0,68.34483603166343
5.217945777947136,83.82566928886233,77.57405928526383,8.145303859304937,1,85.76214079819286
1.5067294811365362,60.78375761988586,69.33386990754708,8.182814835350856,0,55.785843421645126
2.0693612464126474,82.94427351163286,64.10672803925945,7.891833740612894,1,67.03225291598055
2.057736220993944,69.69322028270793,99.63090333398189,5.6517292807111605,1,76.09739626402119
6.842892719044572,82.5616488520746,92.81888572893561,4.937239412119732,1,83.85111637963936
7.71440391338881,55.32965151539953,77.40435748956641,7.815641960960265,1,80.7321698419371
6.250318885874437,82.89226523015179,74.16264167093696,7.595812696836626,1,89.93906363118198
9.659552936270877,99.97068628853333,77.23962878947503,5.076136061735446,0,100.0
4.373835215713337,52.4106019430278,52.078726469345995,8.23083487342338,0,59.92525536462907
3.571408776536747,98.85870921106587,63.70826459585912,6.731031950401938,0,79.73413462845706
8.817392153705143,70.34539803614354,42.36757197345396,8.006563549618917,0,66.9423696328311
3.0123625466750736,93.53767251686295,68.5327622492096,9.024202478620904,1,83.34505421826736
9.669002854965502,89.11927420291367,72.5814750374598,5.0183705714615385,0,88.28319462430943
1.109390272208347,78.3508130493334,53.664984166192575,4.11486920798102,1,58.00844029341347
9.728909440368751,86.92246046256633,97.84173082993082,8.67461551837472,1,100.0
1.388439207555185,93.92577806506739,94.56727665623453,7.658184550915696,0,88.2593085799723
9.02028802328264,70.20701608255165,83.32859412735435,8.19783741773273,0,89.37898443045468
5.749309981776698,66.35165807816193,72.00319772592175,9.028929849931856,0,82.63613272185434
9.936683165073703,83.37966927817924,92.19814957886109,8.816865608947003,0,100.0
1.6641690826185898,90.39229709706294,47.83914062940777,9.765520881572948,1,67.10260656104887
5.984688559611887,88.11425673883079,87.4305876564931,7.21561047311271,1,91.26472400695516
9.72372282057189,89.89068244293173,47.489248838010894,6.930973795959432,0,81.30216790126813
5.707880597531339,71.77916574064665,87.65263975296432,6.41132319934438,1,85.26493738545695
6.664587743217362,90.89171080875107,56.546054095081416,4.9221462570652275,1,78.9496763852987
7.261738200861554,56.01045276853042,92.62543486109134,7.435643397292134,1,89.99819071555217
5.090869582909959,77.22445489804248,96.64252562952387,5.662075145955873,0,86.0125939173503
6.648022720756571,50.28793302490608,48.92775816430694,9.527845073277852,1,74.88329169344227
6.258828807307902,66.22929149501351,67.76053630392362,7.499144825662586,0,81.61574871072793
9.110422094418901,68.32307674356989,98.8592426897611,7.557041083048661,0,93.4543313976661
1.409017423073121,69.80863458046277,69.00444615838879,6.12954796526206,1,68.30960555756064
3.528668706330073,84.7733603344931,91.8128513508727,4.311936111866245,1,75.27937679193732
9.553703356689029,69.42790506351729,75.32389132787918,4.190462592237932,0,88.84401144931954
9.012374055018247,72.43468113112652,62.51979447517611,6.540010864919185,1,88.68415451535627
5.100910775071417,61.87720654371637,57.147013331552216,4.507392268583427,1,55.92920356551267
6.581193380213831,68.662589581467,52.193385465165235,7.641081733240835,0,73.146230033656
3.496430646830194,61.363481363157575,85.70789148266184,9.285838033837944,0,74.76776942645792
2.6930904375138516,53.659796188422185,63.19243040938167,9.297488899112333,0,59.606589391812506
5.173285644459839,80.17242966906889,70.67652773204507,7.954272460793394,0,86.52786727160331
4.180170052234475,83.41063992775082,69.53952880007091,5.267390988837586,1,72.01220443512632
6.252905006657849,80.97451730048073,74.63674175398788,9.177980988153232,1,84.64085374835251
1.6996117326848634,73.17470219002863,91.93462873747313,9.316560611879249,0,78.17841296789678
9.769553268995498,68.98928900896149,98.84436061500577,5.179921509717753,0,100.0
9.875896700316426,93.16668247859127,64.45505251442901,8.424556514624063,0,95.28830769218374
7.2834554261777065,75.9540892568109,89.65113532637818,5.7191172935627375,1,96.90757585481805
5.824867297097083,73.95909388148655,85.87166767928306,8.815841874117577,0,89.88963824844727
3.78574854657695,51.282103290321785,74.41173708733439,9.983427399421616,1,62.59065596223642
8.324155177362538,67.06239138130782,97.36282861671599,4.180156031976357,0,87.65921362359585
7.162580552984913,69.00978093929285,52.02847093170416,9.38419519474559,0,74.26914660878414
2.463552454104022,69.94113904484502,46.55585261857728,7.735783201591948,0,60.995819692731516
9.198344660444583,79.00861846136661,91.23771801732534,9.840295714988926,1,91.4290650172867
8.402835186308522,76.68012733634393,66.3489889980249,6.790057105158565,1,99.68227356036516
9.548199219627316,80.39525463967223,90.81813125242363,9.084327583428243,1,100.0
7.531475575495239,88.2441630771064,93.5854123117249,4.374364411589664,0,93.80777121128055
6.520736763422109,90.64928693580467,43.74745561714428,6.011674300469775,1,81.18132865066585
4.76418732661557,85.90615381132471,93.00788577916364,4.40209922650726,1,97.58898153873359
9.39455635018612,97.77618479774674,66.89914332216533,9.852058800874424,0,100.0
8.794575005503674,50.91162913381808,70.62594934025392,8.90184344363102,0,88.00442414056265
1.4069680309557047,59.788899284177305,77.59555066559261,9.115284527475822,1,69.52217105789299
1.2373027704752682,50.37814374890711,95.58295640380521,9.627791388603365,1,72.79259231369032
4.388170301902447,82.37373570773015,41.14696566578584,4.510620916718712,1,60.722372039394294
8.294979977036496,94.90152744749935,68.61060809906903,6.31358555508,1,88.13945977903418
9.8854851638345,62.174114828814965,81.26332254583363,4.426209334264013,0,84.01826246137998
2.3537520199317536,96.35172723981533,83.3624174618937,5.264758609300172,0,70.4560993087327
6.347176438169216,53.01336951447804,81.55194589222648,5.376194662226034,0,75.25125326565559
4.428017709679194,96.72180134027572,48.06610776448731,6.814643266285472,1,65.3256636502115
9.72922958033143,67.58113436198173,57.963735302300876,5.611373004721855,1,84.0191652983105
8.579070308221379,55.07104142246082,61.52293152502081,4.605868640906566,0,73.59484588255884
8.54495834240024,74.29358795931628,88.2662324607703,5.004946534564646,0,91.47154069308414
5.218238438154732,62.8388283860254,56.72559234487318,4.883653381312546,1,63.91142299008995
4.733375521038987,64.24364509809614,52.64229783203219,9.838460787473789,1,86.67213225747189
3.4606636473763563,65.36449824631433,97.44688114228578,8.555755041510842,0,88.6043049361055
1.507379469858344,90.15129489163317,40.531797106808135,9.806568791617373,0,56.26738640679069
8.782501386295479,76.95806383376272,99.8692513409187,6.638442919047451,0,100.0
8.316109082170698,65.56538495780018,80.60927793144373,5.670210889975939,1,84.32693952670692
9.997459059575176,80.51668916554593,89.70815796694703,8.78975918325512,1,100.0
9.969731533665149,85.80753371115968,57.67716378077159,5.957523508246881,1,82.95824513340263
5.998885350423647,63.63120003667669,40.858916660023596,5.79630024223209,1,66.28511654342779
7.9208867366245945,70.67745507626758,84.2721711136918,5.395035953246987,1,85.36041793275338
9.502891568941852,56.09430466684738,90.04867582004054,4.778073869345413,1,95.36267735904012
8.646826516096702,59.05746747673402,84.42856791721115,5.538778366100596,0,90.70622557999786
3.226132915688779,84.05589269824914,48.57101723805032,6.131918490843326,0,70.39102311408344
5.054897217790842,59.071917384781344,85.20567533541814,8.043965248874382,1,76.77255104591524
2.162434736363455,76.258169183353,86.13536692645846,4.3753890533167095,0,72.75881336811476
9.586459245328502,85.45231308612163,79.5124309402033,5.263041637992058,1,99.25687757810292
6.455571710057921,55.34384615473719,85.96695596773517,8.854141841750058,0,81.26697325079427
3.0577852495311646,78.36561098144517,90.75528638066393,4.881531541502625,1,74.44859112058218
7.045306159652711,62.82813918506819,76.81624685424751,6.05587087913513,0,87.84226862376015
6.5631541641210625,98.146343761879,45.31628283818074,9.18795353114884,0,82.17928843158272
4.223464462295564,74.17728233599624,69.25766858003266,4.929551866860656,1,75.2008120735483
2.022018329796661,90.2996274887579,44.6589600802963,4.496421013709139,1,55.653778729559946
7.044158760335196,77.51132710781309,64.45258186194584,6.907227970480065,0,74.43132678123699
5.68276930813414,52.170626642740956,64.42638934753765,5.814517067671218,0,64.34457838528606
7.950865525620754,81.65756877970111,43.960590648414495,7.380450186903125,1,78.38467181354311
5.68147151000794,97.57016711033285,60.92923203816876,8.822829342900851,0,78.60030145865572
8.669633502866862,80.08059100731656,46.65988592747889,4.822890928916459,1,77.88214453190989
5.9671615489703695,90.95944297133951,88.49411260055334,7.48419450732571,1,85.37072839918035
6.0484417438184765,94.2103231674204,96.86128155786824,7.033052562339184,0,90.10227653598827
8.889882423925105,61.40398859744663,44.338988515476316,4.864472716079197,1,75.477704572703
4.631345795911574,60.60224199541133,97.30691243750209,7.743990913173894,0,85.63241393250927
2.2061370560557667,80.54904944254959,71.3545959602047,5.64184250716463,0,65.82834431882668
1.2590440868200508,70.55142349033524,57.973940677232434,6.927005911264075,1,55.433822899965044
7.796235301062571,91.99306514333603,44.61172451656981,4.4936339456623715,0,70.43474841367996
6.582785962181182,95.00115616990055,70.03745608422507,6.757504343281738,1,86.53360245641977
7.336717912893012,67.6710689651359,87.67093266944492,5.838780808256922,1,91.36061116660962
2.9166774535801965,61.8435279487241,82.42518863600189,8.934287267112126,1,80.31582555714839
2.2273432802809277,89.0262757621931,43.01356068783843,4.34187236198421,0,54.62548671020255
1.1309019910109375,63.740301777406806,44.374110122074214,6.511643649509979,1,46.26444389942559
4.155288029259372,91.13071592568392,64.17239695795823,6.750588544788628,0,76.93913865518118
6.309259181691698,71.18691268243813,57.717429642876596,8.350036457794712,1,73.77820304052001
4.530196405897591,83.37749496457351,53.94305938336287,7.445725450541266,1,70.75838644191586
4.937274298213562,54.77676569173341,56.86026993452282,8.003274023165087,1,74.62025206290265
9.137428250443735,81.19296623382866,88.20896459781308,8.662295713910536,0,100.0
4.134299203209704,72.58838393686145,95.75368321791123,9.173217841949132,0,87.03058440203299
5.625905402438297,79.3304231587737,64.30616167165398,5.883252980334823,1,70.8645922885472
8.052877114670288,58.40071038724317,94.36666012794981,7.2281362321834175,1,93.32469569699217
4.568885040891431,86.8436872472091,59.28974207487292,9.0406484706352,0,82.34991728667664
6.598780302050861,93.13985387716143,68.5862191806275,9.936706785790339,0,88.19967659140983
8.761273378720706,60.836990004538784,53.56173986895998,9.337115866262579,0,86.72085733443518
9.54568561291878,54.78572777600809,78.42856253055064,6.2288035757462605,1,94.25113199498944
2.323661328361341,51.18192930231682,98.73886691048853,5.170999103311902,0,77.89627235565969
9.339288626453449,82.0985750221633,76.20958576260273,6.936355224439533,1,97.0620211603665
5.429046637715844,80.35470180443903,61.46884504681293,8.449848711016253,0,80.59282003875884
3.324199494690625,77.33487063570351,78.86904675943171,6.955414424519786,1,84.22473645699074
5.132221806144352,61.59735480579877,47.375240707923254,6.899085179882011,1,67.41156559850988
9.820293177569294,69.54529979527574,93.31954481592392,9.029382526490803,1,100.0
5.4335628459358265,79.72381675930865,70.18503704679019,6.168422674403118,0,75.30176821328152
3.958764492587574,74.83834294295846,66.96098452237852,9.158768048869874,0,76.0431170117752
6.700607688850532,99.38927601074437,75.15188730721115,6.440828805710341,0,83.18779689149379
3.1613105690037377,56.821987627836656,77.48703176736414,5.9693986340700365,1,67.76314407659197
1.6827699529779752,84.75722770237968,44.30654837359078,6.7239394671981945,1,65.7667423110327
2.159917497195843,70.21593840521462,80.95703327340414,8.57468175204921,0,61.83310069476098
2.152412550619952,71.40998074628074,54.515900818931776,4.7560121671839655,1,66.49302096306532
2.3671242416106493,85.87988828290881,82.83715795039538,5.1785152952321045,1,81.3798464262267
2.2494445538446914,84.62180756621848,89.3520876630518,9.708668953978552,1,82.13989134843578
6.767872703228932,99.56279968510941,88.23751045315122,5.052949764288144,0,95.76384098227138
2.6369207595923037,56.41971447270626,73.15005804447335,7.406363907586328,1,67.22198433428925
4.111005549914768,55.20548246920832,71.21019353864507,7.475886799971628,0,74.74252084811569
9.071095689154106,86.21694085643705,48.5725576803647,6.937746772301469,0,87.82742826884122
5.265654762365851,78.91934585032045,86.52076902418813,7.8684714914609115,0,78.88342927314527
7.008019646689244,63.70803332799029,56.28456282680286,5.37896035478571,0,73.65504666868542
2.5508788408146685,53.97096844944933,69.80172536907679,7.3159736066604895,0,61.71043834668403
2.730601169278037,54.282912479821526,57.056445575651004,6.233039531481383,1,59.06297763185355
1.3678175463983098,94.70954373320592,48.029701779981586,7.970003557775135,0,60.042342302962965
2.520415567649481,59.59336623593715,77.77346181350418,4.847341260238897,0,72.56033853509379
3.5073130512876274,66.16857810577604,43.25992208937423,7.425264501036858,0,64.01468727241355
2.5930943584907213,61.3328201113494,84.918714047572,5.111622132299942,1,66.11519210649087
1.7983228038135004,67.74981529159686,59.055207715666995,5.671858378690218,1,53.17673061867052
2.085722839905407,53.47119213730467,40.00808158026912,5.3122588019415,1,46.34178384103828
5.147008912294532,75.95298954541352,70.6677483542338,5.097026679212902,1,78.31207619147705
2.8570034656521326,53.380628179610746,42.811114511656186,8.954265709364002,0,56.34207243927921
4.278428749432679,90.01782539111808,56.57017346925397,5.714245405965342,0,77.30573548612428
5.530755437693712,61.685604095521654,82.41858924734296,9.562742691186696,1,88.35909588835911
7.213553457664288,77.00059573022553,43.76137729731195,9.819559152071145,1,83.82257386785656
1.3538092585698904,94.0039543780729,90.36030954136014,7.427562819622584,1,83.18235913816169
8.194693590181384,82.5438684523597,40.22919535951499,4.858006735994358,1,67.77943590299463
6.6511035054181695,76.64788932756676,54.809432152114134,6.2472894602774875,0,73.26389171005191
1.7358312875398472,66.21668765576878,84.45424336912428,8.786393580089284,1,79.33423657667714
8.862207616960994,66.6500956529099,58.97620898375841,6.2043443721824225,1,81.22103705590972
9.287851604786319,83.4743477599095,46.11354328396081,4.522103309816733,1,82.64988326375997
1.5497016386937736,99.70696806105838,61.61403512802568,7.340709465569128,1,70.62413200773213
3.4918988333248335,83.09195949246893,56.22359718307153,9.070725108976209,1,68.34975164169887
8.255811518137552,77.88917086850125,90.56271412963329,8.775558322861015,1,98.90588863087731
7.734337213452926,86.5325255119623,58.80087505510859,5.050738840782119,1,83.80446479232735
2.6606891742073957,73.26028061418592,87.33594830656043,8.0365876864748,0,73.67097396190712
2.8841439100303927,53.00711713003926,93.51232868864409,5.323025580613883,0,68.76548049119808
4.334248925122438,78.1148407938955,66.02904517459177,5.309245207313033,0,66.1153686844123
5.360706866719192,97.881264225269,94.59658863126353,9.244430639831112,0,100.0
6.564292943772664,58.76514711788298,62.63908323779157,5.498013716441381,0,69.15279804852142
4.320222756127952,84.50024454103328,97.8447049894065,5.579484079108067,0,93.08162747074945
5.162812445198331,60.04668443295282,45.35737147153438,4.003920344567797,1,67.29501102365083
7.727238443203809,76.79138422365406,81.22115599019457,9.224014204753106,1,94.1383844763064
1.330148826015381,54.83382248233598,69.62884242741572,8.755568879254808,0,56.3832398498587
3.2719324990961867,72.51854681290925,63.25892832733882,7.763973610544068,1,60.09140389924628
7.420146272960972,87.8081664447623,77.96271272491606,8.501594583633054,0,85.18018035259365
9.056861539184794,67.37857621194911,82.23142549805988,4.91229140454695,1,82.77599066269019
5.6050969790409955,83.24558622436089,40.261796179018546,6.749941567525452,1,76.91094576463438
5.789021367387841,89.77249803948646,50.01718532483192,6.107316324092685,1,76.04578506621598
1.9645481020579845,96.35889097397263,82.78276303805913,4.5626591575420985,1,78.70642817036249
5.026711301411092,61.73210409277267,79.98312481469239,6.916782911289545,1,66.86608438020073
5.793555398095209,69.9657957904654,97.96285030772063,9.524437902055812,1,87.8523697615109
3.1822345327125667,57.62080066652087,85.66226741504698,4.240354714304167,0,71.89378171780044
3.4231890785444286,99.62417510791876,97.04636246388029,5.7487654809627635,0,89.03238353691809
4.395557467941604,96.35004839621476,82.15243009208842,5.245245617234221,1,84.08450099194793
1.1806407799995373,76.99785651402797,57.883132518366594,5.428879921994178,0,60.76206397754552
3.8987124902486046,92.10166471882107,46.32189533505139,9.45060731127625,1,82.21029501800615
2.9030320629689017,76.04789886360211,86.90943180069613,6.8084143254057405,0,75.39464773868914
3.9474761696012317,81.17928440013799,78.64895328855496,6.797796477638913,1,80.1993388740158
2.077859186373261,54.456221605800835,42.89116074359777,8.563453854731694,0,53.53507371405321
9.014745526659055,87.7635210248404,61.6030279540587,4.926953224029555,1,99.36548208146708
6.342332081986438,56.38567418176174,97.40798892905717,6.9235921246003045,0,74.79450093691602
7.111920872300407,91.30338151262642,70.02406874261207,6.579911284726358,1,92.02238656876756
8.102541147466045,89.1014043835193,65.96374816118228,7.581464143279937,0,88.22172899305143
5.485979790361515,85.43723488714882,67.46197630955764,9.997346219502631,1,88.9037783212271
1.7822825927868133,51.80801902623811,52.53296344030982,8.616693364492281,1,53.5406161391206
5.83395887636693,65.15641779726643,62.122430251887714,6.387194218104563,1,73.23374024190039
6.281570062187912,63.155628495542146,62.188795359230596,8.965318313644282,0,79.67194724671252
7.70895526765897,68.00682037357595,43.14130121124835,5.0242501798748815,0,83.88635867458055
4.884935916067114,54.382137338191924,86.0540577110751,4.182782117853761,0,75.70542615787996
2.148222725160074,96.84789115155314,64.99026591423274,5.2266902347856385,1,67.09484924866518
3.55398315218852,77.69011203561881,89.3307932089854,6.042469336685558,0,76.6462059457602
4.267740667587716,65.27621553290118,91.02088006719373,7.063484544757359,1,79.12259496472777
6.8132551719844106,69.84907585371417,52.71964328191949,7.690774843247199,0,65.04029198655601
6.137004742020207,72.36012702524178,79.44120893020772,9.46363430328653,0,84.44053640213885
4.204870533080616,80.02971666803086,68.3369082497789,7.059124057302746,0,78.21112139462551
9.878637239136816,75.7839713848249,92.8094042752891,7.007653867754376,0,93.63518504922115
6.451973374211985,95.96959866072086,52.94444075058725,4.301458058937893,1,83.01917636474693
3.1350411256239505,74.84817414529151,80.66879201860266,4.209469315937342,0,72.88017050722807
1.9160422535836337,99.60790074116564,76.46512733516334,7.306959771498232,0,73.5058209645581
2.375732252658988,92.57124788725478,57.718088654309966,6.6290716794900675,1,69.22176591842324
3.213619555460573,60.42552571786679,48.196054219070355,9.035082369881792,1,70.59117066239776
2.446132359336001,96.52976073219581,79.09838562863659,4.964077508271071,0,79.05053487905731
2.679103216461752,55.818319894273806,84.31584748793983,4.149829972702298,0,64.77780784638752
3.565856518244624,90.87248542455958,58.937640625800995,6.694232607580755,1,72.38730375898835
2.560362357652793,69.03116467382901,78.68995624133882,5.424871340513545,1,70.38677133467122
9.070888821637826,93.89871602225347,63.7078544566902,4.297686240033025,1,86.75313462460363
1.7221037109547799,93.40283450537251,82.79241299695707,8.347589721085773,0,68.30176373629251
5.720602506132292,90.29627000588106,51.95291649364319,4.669557999743485,0,82.24708166990735
4.693571442906954,89.50152181535307,93.41290015817046,7.64991700004663,0,90.54783143266192
9.841407552177458,65.23395695490204,57.244575787934785,5.686298501001335,1,84.5124241352916
2.008350119512471,54.04596415256261,62.06715926536917,5.040976302130132,1,56.33762901426453
4.580700391411675,70.14900893825808,43.48551712482099,6.278509137515905,1,59.92319040829177
9.72523389947832,58.67622574932543,46.690732739276584,8.808674657337722,0,77.73825210020595
8.789564133045822,84.74755444512309,70.95171416273969,6.352561461427436,1,83.70551277893988
8.353648638543518,67.30498632688928,56.05556060367829,8.504617895266335,0,91.81702538833468
3.3211254434044584,98.78051004299574,90.12881354453165,4.752917780794904,1,78.60587144000515
2.5379882865105925,82.04860386726659,40.88160331929723,8.636628517990474,0,56.37629870518046
7.017788979319879,91.12402818171805,62.74564292031617,5.421599949439892,0,79.41993646282936
9.364383902148273,56.62623363709242,60.24073280614556,8.064358779333237,1,89.7142317132925
6.010866037125368,93.10072411363113,41.15965785505606,7.394689329045978,0,73.5912574773701
6.144514205229099,96.13785952566971,47.462103940030616,9.574868303270124,1,76.44136552415334
3.5198118429425573,74.35309594094679,64.81856049511812,6.323935107851884,0,74.55038297472348
7.925436398727432,80.31264688754888,69.5718750668468,4.396991133006643,1,87.94934312262305
2.6833937370177106,88.24049004514977,64.25738483529214,4.114932913307517,1,71.08985631475846
3.913113127638193,58.741931363020626,71.85626070472563,8.961151365836518,0,75.12482132832
4.828927947547751,75.12830382317212,75.70790049434089,7.148413825968593,1,92.00286542919638
5.568493408160095,69.93315138861566,40.59542926767014,8.651464311009695,0,77.82626828982815
3.181687591735722,57.31869960811245,67.84570956721024,5.406553600069088,1,60.555210169612145
2.033531422652832,68.37672111457657,97.8099544532553,6.070502473079403,1,84.96277105730846
6.495580381974693,53.40861546927468,71.14193680777292,4.180623233267914,1,74.15287630851202
3.597674979162302,51.29059534747435,80.65253604753718,9.768953947444672,1,77.59012796259985
6.231143992803511,56.758314457741136,58.71183147501299,8.00720744020488,0,62.755115907828745
2.389264437467821,98.15575557945868,86.43948268916574,9.599230526555838,1,86.73723002480014
5.330260916693358,77.47647679475085,86.3752889125669,5.592978444574434,1,80.10919106871091
5.793304892964272,98.291108057661,71.27776285924834,7.668781667353965,0,91.02181881538795
1.4664118314018422,71.62489391650661,98.56082939675281,8.070999809755827,0,82.77293764450641
4.029438503745285,65.59080665426298,47.533012885759206,5.905298201545531,0,49.26427820905517
2.209732092450768,75.3070931420122,41.01685989337486,9.08865541009378,0,59.15087697242523
1.5703747342549097,71.9755844316455,86.20949270542576,9.682968777401488,0,80.92135730450218
9.909642091509507,55.2832342130872,88.42933224189295,9.309130706176026,0,94.71593068290868
3.9011846047725065,82.0413157345103,47.21243374723458,8.434401855636235,1,73.49784304203061
8.288870012691714,60.80190912547998,55.93496997751636,5.664788078349725,0,75.73418022238569
3.2917658928738747,80.97939774489149,41.05314180199773,5.689696252633791,1,62.833219261601975
7.133524500015364,82.51005461990766,57.598516646833886,9.780161922676228,0,82.5066645384248
7.842050739007179,57.601242656432404,86.38851243512029,4.061706975614152,1,77.37158643074204
6.360748665470599,53.06748135553341,71.07763166275474,8.296299839452868,1,72.27034209022789
5.244185696951425,89.038079303422,60.88573559009728,8.237476975331573,1,84.70125315319373
4.706568227325417,72.99002118846602,62.30435769437982,7.736137245698785,0,72.63995126241059
4.139814398886958,52.90818977527379,40.08121754292809,9.940653076521194,0,58.54280553815991
9.365762298230432,99.74331585848836,57.98803165391415,5.871276614582351,0,87.90295902406523
8.475574670089562,52.88902804981833,78.78752449827583,6.039831182759489,0,80.34224477126
9.685242195998613,84.75176144292766,98.45166662898143,4.473636417679334,1,100.0
2.1186750113699024,99.18394626317068,90.82364961903397,6.656788819262425,0,80.749631580228
7.577807276832798,61.95900521079628,41.41569787873175,5.566291157409088,1,61.53151571483576
9.44506411138934,57.11246843435981,93.91363628049035,6.060320213065865,1,97.84312657397176
2.6310975954909415,56.069246971121444,86.99190479791756,9.007430741533767,0,71.99759158995334
1.5984664063009975,65.16375737837978,86.82256741425883,9.612907081164973,0,73.6498933475318
7.670085843610531,55.052290550532334,67.47974554021428,5.1143984320311136,0,82.22733209212123
6.170258018619207,84.60806708470659,63.88031757727017,6.2350535893207955,1,80.69509880940632
8.576458990824449,53.114589906503134,58.174943729991554,9.571783372692364,0,80.73732486105308
2.2579513896366055,75.47110640748949,43.941691537261946,4.370850764135335,1,49.65352139577281
8.15740580673901,99.83484269264883,53.69412180962195,4.554163168668271,0,81.63321644310808
2.8146458804297008,90.69851347530094,54.79621809868148,4.976745935237377,1,70.08472805225105
2.4729034857913406,80.76097191155054,69.0446241826121,7.5712770047612485,0,62.84489854181969
2.4783921813789362,65.31268103933058,84.84666439580164,4.902833626035985,0,69.32612251888916
8.33117248208244,81.19479181458192,68.4285897038768,9.8084582887044,1,93.94003366845325
6.986774986265801,76.35207319558258,43.47066696682964,6.680287163551122,0,71.48108172746791
5.707588822922074,71.30416919451858,97.46738805929223,7.0091077621009985,0,93.20042858728141
4.229474357111522,56.535518837009974,96.56345914564673,5.4799516948324385,0,78.16658249718752
8.894804867317974,94.33021076202334,87.1113725889045,6.825761514608401,0,100.0
4.532005966803719,72.48923244106612,99.47967409385323,7.971481795822069,0,82.12393238603521
8.349394955244193,59.73112559103825,72.66893996801578,8.507062821724256,0,85.47531559892849
4.952214177131966,68.38796754386448,97.76610101519236,8.523208496259478,0,87.68661987697114
4.392499864824169,70.70648762644635,44.53630243700505,7.46734667616453,1,60.05871440267982
5.164118071026458,91.37689477834371,61.940844895682275,9.426158649963144,1,88.60247359025685
3.7124008674772786,86.6807190280701,53.52287608040595,8.904447083836656,0,83.53060589803432
7.72848442158626,88.46524468206698,51.7499850480562,8.542288688191753,0,83.15342334846984
5.5244835108323125,50.55156322143236,48.44817693356056,4.333633130082764,0,60.143745408843856
3.0899142563213555,70.80769990898807,77.34481849395979,4.041267773317896,1,69.93447417829789
9.096171159471115,74.06720758176618,86.8793113448383,5.274683663172838,1,90.60450243610191
4.455020992358903,50.95961384115284,74.69790396522164,7.981141563480714,0,61.40001967172221
5.891975750025898,62.99066043725171,48.817762575292576,6.467184933295275,1,64.27214039583632
9.158248998680923,88.01449115610674,88.66742619600825,6.41443755579587,0,92.00792925021325
6.618141963225929,56.855485286449955,78.15728242982371,9.307521329377682,0,90.65577683190436
2.0520823663752767,76.76550657262959,63.28994236761973,9.373377088791033,0,67.98639318153296
9.458489112521276,60.76009360086188,80.44781773216377,9.455051584321515,0,91.23560324193431
6.6493724776427605,50.60603873219466,55.59429875456997,5.883268459090164,1,72.63832036698894
4.014150531913775,62.06007287997707,60.71153250965263,8.14633487643557,1,63.55583326396942
2.2534486539704854,98.7936877455027,95.04915058791941,5.629799087646218,0,79.02849096217659
8.146226703432664,90.07685559414948,57.43027034028522,5.143658998446699,1,84.48969476857008
6.580654803356621,97.97883221605167,68.19929608947619,5.107794744084215,1,91.22086958391957
5.801149827786894,74.39270219631813,93.40846824376088,6.052645725181565,0,88.67204125337675
9.045033247458619,55.48680993387518,82.46328101605164,6.5797457186789305,1,89.87769941955685
8.097374901020777,77.39797444868465,43.73219356988216,8.985695026330411,0,78.8735256812963
2.365073917594761,72.71886672799805,48.83818265673822,4.719346560836272,0,57.526353952767266
3.805498610159934,92.2178541369808,40.470495446315006,8.409555084369366,0,68.89264740230037
3.236402258330192,54.90412903921223,77.85530741374981,7.188729485135832,0,62.955801306073255
7.695516633154092,74.4120568510889,66.8604055246251,5.727672056055955,1,82.97623335688868
1.3017919126220145,57.50243323469921,48.05649105413653,6.956917507196947,0,45.445635096137075
6.129007163841849,66.23379634450299,97.47604726340623,5.799652418662136,1,88.35247064273626
7.862128171666215,86.86785386938999,71.7795834367372,7.576491731429836,0,87.32007194021408
8.890890730855745,73.80090646843833,54.51359764677335,6.603063537131465,0,93.21988661141958
4.078735738443167,68.79441425728847,70.03621426928245,4.986433174473272,1,70.16919504318037
8.391315742048116,69.72381392850177,80.77721996410646,4.6994984473341805,0,78.43002923003078
1.995685632596865,72.97233842029934,44.57435307841387,7.280174092432781,1,57.95785974051049
8.618070625610663,89.25082719185284,56.482228902873516,9.414478199716621,1,93.94086262330161
2.147397960987842,94.60423444701172,88.41792945303962,6.0637461193461135,0,87.65307490806467
4.575585615043305,97.76673432519641,67.57989222415968,8.398000643335738,0,79.73847299766271
8.175658292015981,89.34516931276475,72.7946285219377,7.951968129638602,0,84.46418940299216
2.349256846138964,65.77034478740063,65.96896013256816,9.589329485856886,0,71.63463731360459
3.0632625570937733,84.4067353043271,42.63399655858031,8.925886103794845,0,58.05124251220558
7.500273115537596,71.8801562027696,49.94498678920935,7.399631553432778,0,72.96153104573915
7.480328828914669,62.73353110230256,66.73249832451346,7.942182989404644,1,80.57921720379215
6.770328695967676,92.04357897129613,52.551127924475665,9.39031879950421,1,84.6818218818379
7.2455360002039,51.92131744811625,42.99874171958072,6.397112707521609,0,67.55399126953297
5.884519990128366,95.08809960677118,90.61897984310943,5.960768235146665,1,89.95056273094828
3.266191530162575,73.0738732312367,98.87155174984696,4.064866501811178,1,77.99801075168048
4.111263941535275,81.86007384041402,87.58857243980437,8.959306445148785,0,85.29485085562803
2.634379451212831,82.96769611028913,91.22709530228002,8.80588420242019,0,83.24110139886147
9.176055052002654,94.75588703532682,54.518627819022726,4.6267271086009085,1,87.19160893065609
6.250526152895084,81.83348410836037,97.63761853079198,7.461144286796202,0,95.72841640981736
4.607662750872759,80.69667923800309,51.8155422672057,6.783890189001324,1,75.15324176261215
5.1580522327971945,53.3326020280345,97.08578862170994,4.712254573054668,0,79.33980519332276
9.525550056506338,75.9204010972602,99.68915763795707,9.883409362364342,1,100.0
2.380162628044722,57.50845004085208,82.70336834476292,5.288175324780132,1,59.49551738773277
6.276068488151175,86.87168843607428,98.86862390750932,4.403405080543367,1,93.29340767492299
5.5529981099601935,75.61109604063373,74.17238677402622,7.5690842770114575,1,84.76244200720642
6.503088118911831,84.01138896041766,55.57250699056542,8.433200062798196,0,83.2361899081365
1.1629916543875645,52.083645030119214,66.21975313993725,4.194660676283122,0,48.43220687142907
8.849115180497364,54.23960080229016,75.61365612272715,7.952305832362133,1,83.69795060536997
9.38906454235251,85.81616940313411,44.3848937216209,7.193751255708727,1,81.58612544379123
6.086198652302881,53.60421679993367,77.34059587703476,4.61959005325029,0,74.8875539270348
7.26985741489203,53.56283638826293,98.87067020573767,5.035143261678172,0,90.14881141058834
9.302494430595662,50.605423761744376,51.406458987023655,7.407845783896483,1,74.72616215450648
7.3651477088205874,97.82506991497401,87.555706977303,5.77814568107973,1,100.0
2.3728513862283522,86.87541797295034,94.47392762677717,9.629894371907897,1,88.03299120496584
6.186595241501319,67.66257042510321,96.62209556921326,8.912441376904304,1,92.2546282592645
6.460435417445703,64.82677906438276,97.60813626432683,9.90140323908198,1,93.6677781869158
4.817176041721474,67.48516148729247,71.28757832328832,5.558025033702484,0,75.282202274232
7.627998120622506,88.73267655905909,98.63847447949021,9.818341796787863,1,100.0
9.409303132921133,83.06853055352072,85.43861242806634,6.587403218749348,0,100.0
9.330116616160987,59.259778393373395,49.700286174217716,6.085112771882528,0,70.51494377901923
5.057554342637189,58.70546676670422,68.6140063880782,4.3020971618161195,0,69.27355986602817
2.019142412566797,54.91978248566986,83.09987052232023,4.316591547157616,1,61.6021924640083
9.863570790661012,83.0151359850669,54.840418949145004,8.152067535679928,0,84.31308711573779
8.550082778013408,88.2186331110868,78.43691101293325,6.747573966604167,0,93.55762793727095
2.1219641308294017,63.2523214162502,79.99602874279715,5.3591297562166345,0,66.06545734584226
9.28757694355635,51.047248051545644,49.76198462851396,7.683821837951395,0,89.1982996297659
8.829067258559155,54.10858337382137,73.90511874716537,5.517148709500667,1,81.636818272525
5.669542514134649,98.39300174225153,86.29761465871647,7.465790526066535,1,88.59336607024238
6.321478921704363,64.77223887387102,69.93373987215651,6.155252481896142,0,76.96753668645316
4.591024334831173,88.46115739190668,40.72618700656645,8.941313359670914,0,59.64066487646663
1.492854749398282,81.23317844271318,40.54230814475753,8.924176964600676,1,59.9919225727915
4.016775174813109,69.09698198264479,61.42176063820073,6.864102388734408,1,69.72440436909048
8.225681037382103,60.28436310977776,95.57164410590693,6.104914656010093,1,96.12138358618361
1.0416882070414257,56.06932090797032,53.72060677621653,6.175358779354568,0,55.565253020173074
4.001492545220298,80.75064840194332,78.06182133230124,8.834287154009306,1,80.18798332563975
4.58351824231849,88.7316890318894,53.324552241599235,5.969076896785672,0,69.90042760519083
5.836560426441306,82.19521267705653,59.300199379572916,5.254356242241077,0,69.93925504457829
9.278700547714845,76.51510666245792,90.88252537608903,4.508130051251841,1,90.26552609515683
4.1171139492936515,52.097561171581816,83.7316865361968,6.80015872530645,0,73.22299679869705
4.122578817066049,98.42443887971919,45.723956638792636,6.892792593519051,1,66.15591191792653
7.637511232987736,89.93570958272872,65.72212125918603,9.045452262417443,0,87.67713896822309
5.069961468008264,64.64110183504823,41.75018581871587,5.327432178676384,1,56.317567750544
3.021443406459838,98.99851646794252,68.85340879618053,6.2859476420104,0,78.48258607270138
5.07195564519424,80.09407948181611,79.74604070206408,8.850434433362146,0,93.42530920732884
2.2677131834181985,79.12113291036232,47.11015741588909,8.94174166449384,1,58.28821497244303
2.58748287855601,87.4036589714766,57.333096334549936,6.307666455872609,1,59.11319213025205
5.4853099546553175,90.58848940450687,63.87019753012942,6.754744139720085,1,80.68823748019958
4.770329045540931,82.82393036657513,95.17186147936299,5.819715345095697,1,88.03497283577286
9.2336131096129,56.40478731831,99.59530092537784,9.595329270515872,0,99.94668633404314
4.261545092049698,66.91337529972492,42.69467793973695,4.711862594449482,1,56.77271035746384
6.225295152502391,96.40418201630249,85.66047540972352,9.60249653800882,1,97.2618785391734
6.690378591275773,61.230780592192595,62.30344398414059,8.103198711012059,0,77.35409766436244
1.1178501092950026,68.60835119187567,63.547491173768805,7.189432916120387,1,67.34135599236001
6.971836348150395,71.6038441472098,85.25589840082137,4.195954364706975,1,75.01770934441173
2.6023237018277627,71.97024948472261,95.10558592872451,6.8535771509320496,0,75.87594885363065
9.649632857225097,80.64697912472627,97.0557156701529,6.446488630016393,1,100.0
2.3379645497780164,97.15379188723537,74.62735516229924,4.967312871850735,1,70.87206206514678
4.731617113543214,62.034635591625246,61.42726955803017,7.938457621003941,1,79.93968443167168
1.7681470127077947,56.0750688150459,87.25294515152675,9.826905444209714,1,70.59144850841874
9.971868266613527,59.873524492996864,55.060082995738014,7.3731328663871505,1,82.75493121057916
5.519755092981184,94.34624501046348,73.84444173001106,8.288519658663674,1,91.61380544629397
6.358465155880394,82.2905406327603,61.51470769149239,4.4107027153961,0,72.0280708631509
1.6036882964958474,64.29533946195801,79.39786442247257,6.506001974901968,1,58.38495022039484
7.7496442335926,90.79734694843086,54.42393477361041,4.698150910986975,0,77.16166442664901
2.889150337860272,93.0684998181718,51.49557674408955,7.676775013219062,0,73.84859695613197
9.082488604966423,92.3257169345139,95.09434520052622,9.630892949284927,0,100.0
2.8462567643380643,95.94632668197772,46.10822097697221,7.970666394829831,0,63.489784773346244
2.716189485972999,62.612051008668075,70.3574744640959,4.460818289886529,1,68.39476202850119
1.328947010632854,87.75209643731392,53.251166977780535,6.127997229910497,1,61.15105811895543
5.248602505989993,73.026974863707,42.335797799540046,7.30398027664511,1,64.99338544361468
6.083570199363548,92.09992764450308,42.161129097485585,6.4192465367995135,0,73.12129078395162
1.5913777548551713,86.42453385808065,50.51330632634964,9.001864062851034,1,70.26336309490006
7.9797485502550956,88.82237232498623,92.00622127036002,8.888026028259935,1,100.0
5.079599512732249,82.80809188405357,56.9487246386216,7.670986120619329,1,80.50337567807757
5.7195124239482205,58.87143847348534,97.02755023451775,6.240747670796232,0,88.79131024583344
4.966864722444053,77.25134594484692,74.89733757935161,5.532018242579465,0,73.8031293514568
4.606867547877934,99.23348697622541,66.19685138612596,4.635245909278776,1,73.89291762502259
6.036762981773961,96.86940332485594,74.80533008016727,6.129386100919325,0,86.59897787432017
2.3971622133764123,52.158686789850584,71.00190311357606,6.479035103246317,0,61.4942561536823
2.63735317445744,58.24074078647186,85.5265752254395,8.054937550624441,1,68.28475446860337
8.756070589121656,56.58643867272809,56.949763958371136,7.94895894578544,0,77.07101472168993
9.515039159202695,86.29899549926478,61.183023496018144,4.4206488378475415,0,87.53558679116175
4.359783846517777,90.88926649284726,93.64565815199504,6.371555892586946,1,91.16369556217633
3.436702058291984,60.675568315533596,96.78739078902433,5.0906732033041715,0,77.38518205702339
6.795995889151142,75.29263464759146,93.55349364918847,4.940876231900834,0,89.26331351994472
4.678607539882868,92.03515140056,65.16687963743881,8.963812898423475,0,78.62379594607707
1.2284772009431038,86.64007723831253,86.82193018041289,4.251491300297545,0,68.21396066369033
2.4053733762957132,77.11186027459242,68.58014399806592,6.515097255412728,0,61.55962470364094
7.443750059626578,79.51738452293864,69.85239112876613,5.009221934599109,0,90.56513008509192
6.930315477191362,75.418027345814,52.28080654343704,9.275981294070844,0,78.30990101689584
1.2438639325313514,64.87742256594103,75.46781819551099,7.342243079650211,0,63.271045186081814
2.997749457396545,78.2510996429508,51.16815386520088,5.388283818261089,1,58.374305131284565
3.0796731692926427,84.44426510250453,59.89388194403163,7.0145637229982585,1,85.72998691237821
7.047034692388555,93.66614579304039,91.3018120971961,8.388918158218695,1,94.9784097301698
1.1773948397892773,81.8145676989624,52.424548552651316,9.748708053516602,1,63.52519670236162
1.9369772378611647,88.0560768521579,44.269497110405965,5.322676025472513,0,59.99875183303232
8.199244768358703,58.003581747728646,44.14045555676898,9.317090632776072,1,78.63169182998779
2.6069019584890025,73.07787372098949,96.44707123018648,9.605824685004942,1,89.52129378742428
6.874714970666872,50.46658099135467,70.41522627771008,9.498523267192397,0,87.21603716012596
3.1436450294205387,62.33394322608115,64.5647243090211,7.812486141171459,0,68.20652526875516
1.8949725348341064,86.32308575565024,88.6527148604751,7.778923926608246,0,73.43116116546645
3.1885497189950867,99.59049756746816,90.14955567463096,6.419263799102937,0,83.84679077012359
7.500402386700932,54.958904979360796,59.93146198693628,8.514387293822727,0,77.27220625198906
8.701268212956572,70.07471579306441,81.6170834484277,7.187764110105592,1,100.0
8.471978781102925,90.00354843495798,86.2673689511132,8.064628427369767,0,92.03186370317461
4.5746517665660935,60.20178173144494,79.27904121195726,6.570747423092772,1,81.36510996467996
7.012766229135815,77.7542474651143,49.095704488005964,8.388978784258835,1,79.48589474626446
2.844858658742389,86.65356480148374,92.55298501102342,8.946829105627295,0,89.16123575567
3.6383295723491194,80.79927251300896,72.34567316416053,4.878617539616897,1,72.90099246285995
9.067022366690077,59.401236730770805,56.94834558220022,8.997578293445368,1,79.084980641718
1.1170173115966242,67.76922843428697,65.51369112626163,7.241779190741843,0,64.50432959870004
1.7695767776902127,89.18958922426987,42.25426542393444,9.067995454541347,1,67.8414615872655
2.870976296314246,77.71132570660083,47.672008073345054,6.587810238046088,1,67.73713001602874
1.2387898348643773,50.261480677145634,85.93280503095164,6.27424291229821,1,64.51277691167162
2.632918915808176,88.0495380014047,40.00069808532197,9.490364395103335,0,61.55033385803048
6.247374048727229,51.76556774701196,64.99394970893754,5.507015605290408,0,60.73596078667669
4.792820955332481,87.2866891365616,71.35061086513531,9.065273951716858,0,86.79949122129237
9.034045399692774,60.124028008261874,43.278065200058336,6.904123435056425,1,76.92620324638477
8.356992055645968,97.90367400596901,98.38468977833998,7.084572655307558,0,99.59390009870613
4.076356165280884,68.39703756510423,53.56751987498032,5.850809688936904,1,62.25853388228828
3.3348109008816325,66.34658081690395,58.25192317817685,7.438253203714094,0,62.03276196480076
4.417231673505402,57.44440251662223,58.23655073530164,5.951267177657268,1,57.29161467619735
6.31265448263327,65.28021077451075,53.824999727040996,4.235616485449913,0,62.31703931621864
3.4125727674058863,93.83253809141003,40.08842932517869,5.6319916320661365,0,57.20168712377958
6.617340170642207,99.81671688136237,83.76068764527977,4.038274260439544,1,89.29632696566686
4.684704869721164,68.41547652534241,98.01072998795712,9.87012872234114,0,84.89475515381297
5.968424627667822,72.43053154772713,53.4576089971027,9.794483258918484,1,69.57417723020666
4.92513876221785,86.10354691013686,79.78283150820535,6.3709317848338305,0,92.1889617930749
3.650191835877259,94.30978902325373,84.51377961752291,8.370225126037877,0,91.86706540582003
9.53607976265941,79.6522167093392,90.90552274543148,6.074836590462549,1,96.0832711770465
7.872452147437848,69.57628490889147,65.35775182081655,8.026558942515855,1,86.03528804034943
2.261018581898073,70.63109204243119,58.17585433842575,8.832580258275875,1,68.57892093031417
8.816211783081215,84.78090732484034,59.517708041381866,9.680537468153444,0,96.16622623934603
5.386880784245623,50.16091318021393,82.75727998591077,6.4012736550980325,1,71.82071365051203
9.050970042046822,80.97946687299203,89.00676799033816,8.699787897736286,0,100.0
8.198697303525837,67.77465052206787,50.89683806539616,5.5955707037927125,1,72.94105182801073
4.8269215402231005,89.7098665638542,62.25646048946591,9.94199382276189,1,76.5299874989117
1.2022237748810567,54.64953199115661,94.116411804949,4.154617592586106,1,69.5007048294214
3.4180962344645147,79.41011334741953,88.40161118168436,7.621172839006726,1,89.32351855941538
5.874707931947802,74.04864449430619,99.09150416574855,7.957035889907963,1,100.0
6.701303978435325,82.11627629526137,85.25489558092485,8.128273342444773,1,87.03453674447042
3.3209891688988207,53.24267972414842,63.59171206167534,4.722325472734534,0,61.95054288311687
2.254204666655417,78.99918937140657,75.43827003967826,9.631178700838783,1,75.03544065955003
8.514372131193692,78.07422939797618,79.66085525483922,5.087099674300497,0,92.37717037898052
9.85961962633197,78.03300472080855,44.70734897902744,7.736520419439047,1,77.12403275985177
5.731211640724172,80.17438332982275,72.66981754623191,5.33605647473851,1,74.00411277322705
2.5451135726347314,83.82339686131812,82.55924970835657,5.843298502127626,1,72.69163329700127
3.4507659386743206,90.24944998403848,50.039278240063624,7.278751250368746,0,68.7557912111535
1.1655160889272005,63.49103600641072,86.83790304553344,6.503160511387459,0,63.828354721307605
9.228689259044492,91.2524705090031,75.0263668308467,4.9613536058590375,1,97.80965779052873
2.05975974601127,74.91278411317268,97.13330714185568,5.0256184145250895,0,80.1793380418051
6.188648279628282,53.852913956716556,42.5453378924135,6.508868728976798,1,66.5011449825572
3.466496986184854,52.92754646219896,55.919568253328016,8.543697869653005,1,71.55506720132931
5.9876020226421405,66.71191593480305,76.09323275798944,9.38778788108673,0,84.57448892046993
6.862783495166778,89.24484885557338,57.79359473235584,4.504765973556297,0,71.15190844374828
8.467676233364815,85.3840467370458,82.86544984427454,6.358623445356407,0,100.0
2.8577914458454288,89.43074823362032,85.54031695131586,4.60147338233726,0,73.49515448362462
1.0989624579263242,75.86345282208046,46.150957843988465,4.099554883795587,1,57.21773118211972
2.2319706706192655,72.00994989777453,70.83126785240606,7.97031209586374,0,76.45554334872372
9.100167776632945,57.372626335314195,70.53343333546336,7.614696651799527,0,86.43114959602973
8.865010698062637,66.40963768046558,62.156846212932464,4.978114682889317,1,73.3670398420113
6.376717919532775,71.70096830869376,95.97549175418033,5.402876998558384,0,82.5438956181672
6.40465174390288,54.43002148398086,89.65037919239327,4.1422465218671105,0,84.23020547108653
6.9853300709163,61.03059763556056,81.8325629145782,9.009683234166422,0,84.66710609228392
2.5783415076110465,79.91126470318694,82.85959814409986,9.848143576291308,0,80.02232623057695
9.229707513324637,86.7831557119595,67.70296862878715,4.812757220768145,1,93.81851461704687
4.768934724028658,99.91737556964748,95.25967126579455,5.388851282591789,1,95.95077658358733
4.448246754245477,96.65566656717789,81.67572563519713,9.210457143681605,0,90.22141526441835
5.670259347545538,82.12825997675958,83.738863699349,9.558782787737108,0,88.43963384090742
1.4226937009754954,71.0624026647036,91.70145422724072,6.517764296840862,1,72.48068780983337
2.4965503188047147,81.80886823541164,56.444295360531456,4.3037348336144445,0,65.3551259481286
7.642302547837334,89.2825809040116,88.42425423200217,4.236351002156916,0,94.2037577660907
1.7451880113261382,55.91680954616937,51.71443617738952,7.443699196414062,0,52.57543016031719
6.428368985197494,70.4952444848144,60.72051713469327,6.357370653359074,0,79.66850469991843
3.2081419871318886,91.99011428178086,60.136627256190565,4.1719145654659275,0,66.88881242095611
4.503660526377789,69.1916475966522,98.71152810334843,7.499514353875341,0,80.74404775860944
3.598243630936299,78.59361356135932,91.39223342487561,4.067815219534134,0,73.2365776659514
4.201054448184542,79.38846804310991,82.07019169541559,8.724231748895637,0,77.44042387744746
7.471413146658209,59.22381265668197,83.62340569692341,5.838596936220229,0,81.02659083706048
3.6740954406085753,68.11177208261442,73.72436766415427,4.241548018055393,1,75.47650843103582
6.097641762672074,66.72556443709661,96.82544002651115,7.53011332589892,1,86.3104647134455
5.284453619791897,51.30983542660324,69.77552517294168,6.386106486598328,1,71.67806009152135
6.973040488263833,51.209588194567765,62.831062592193675,9.842802480142897,0,72.89517995211658
9.431467653922821,91.58485218378868,49.78212021589546,7.265191975022213,0,85.27894945943937
7.593148874892252,63.65354049864062,87.17233913566348,5.651435086222049,1,79.67139099794116
2.934463407316811,75.90393831194078,84.06663592453549,8.25663318780385,0,76.48348472126995
1.2806482155515622,64.93627867943866,63.06130231144809,5.628952015256268,1,58.022250298925115
3.360376398698426,97.03396225576702,41.51160483755376,9.425459748445391,0,72.63558915069343
6.355701376302293,62.964837943288686,90.33983966308065,6.248331823044259,1,86.581393677969
1.462832321358253,71.48284063694675,40.68507900724442,7.299211376657231,1,49.06423719828217
5.467296224811127,93.63651252423008,82.22198677774306,4.303438622945373,1,91.2577862974354
6.371585640252003,92.09667833959043,98.21542658356341,6.556727427713385,0,96.91653739873855
4.008195017352648,59.305070892313864,66.2596796888922,8.99418123796597,1,72.80321763814538
7.938209833712397,90.13216548978552,54.09840429975716,8.833892832180052,0,85.6985683493201
1.9593842782039461,72.90934433689463,82.29226060260291,5.345911353121157,0,66.09794017029202
1.6762400356222789,74.14844360426775,89.0276885209351,5.356474426063376,0,72.00805193435991
7.55369880583243,56.67399862079719,72.78581896467084,8.90383187327942,0,84.51131357916684
5.459421845855786,54.03007568785623,98.02211651536877,9.582390521015952,0,77.4352421748679
7.195621567849624,86.39696534868827,43.100123299477666,4.572165527638021,0,68.91044773267298
4.913446047433716,74.82305761776499,70.28773589827169,6.700351836557352,0,74.0781426897574
3.2176182991519613,71.84253513075898,83.107236839353,6.024725673785374,1,76.76645171157422
8.371920859067798,86.47541143261984,91.75842826895074,9.224130732744637,1,100.0
8.194742910720812,88.27564494955548,50.755336714467404,4.501149488080113,1,76.2620770619523
7.252268237689841,57.94540838346768,88.00020890582088,5.266755655348224,0,79.7508350393713
3.449306235069664,80.51125747388207,73.1624245431127,8.514810025518965,0,73.97581024966439
6.312076001821784,56.76770411388428,63.7932209193978,4.307763093887294,0,63.93783429769799
4.248765072460241,87.56875430145229,47.90290171474561,6.955212284285736,0,66.87496814458194
1.8242386599397074,82.84775781335698,91.91774553453475,6.65264220807832,1,82.92711594969745
9.255822179160186,97.8307310541729,49.43639249078292,6.0064070739324915,0,80.63167598412261
2.2313676782706526,53.44790081782106,58.58727155254596,6.367433891913542,1,59.85360471481149
9.552136184387223,52.852736057562716,57.40273191774621,7.179643521581397,0,69.73327626980938
5.014051956621602,64.10935373466,92.28484205145125,4.9682041503302985,1,77.83451505412773
